{"cameraMode":{"drawMode":0,"name":"Shaded","section":"Shading Mode"},"sceneLighting":true,"audioPlay":false,"sceneViewState":{"showFog":true,"showMaterialUpdate":false,"showSkybox":true,"showFlares":true,"showImageEffects":true,"showParticleSystems":true},"in2DMode":false,"pivot":{"x":370.8270263671875,"y":163.66209411621095,"z":-27.26441192626953},"rotation":{"x":0.13741041719913484,"y":-0.5812686681747437,"z":0.10037703067064285,"w":0.7957217693328857},"size":285.4910888671875,"orthographic":false}